--
-- Licensed to the Apache Software Foundation (ASF) under one
-- or more contributor license agreements.  See the NOTICE file
-- distributed with this work for additional information
-- regarding copyright ownership.  The ASF licenses this file
-- to you under the Apache License, Version 2.0 (the
-- "License"); you may not use this file except in compliance
-- with the License.  You may obtain a copy of the License at
--
--   http://www.apache.org/licenses/LICENSE-2.0
--
-- Unless required by applicable law or agreed to in writing,
-- software distributed under the License is distributed on an
-- "AS IS" BASIS, WITHOUT WARRANTIES OR CONDITIONS OF ANY
-- KIND, either express or implied.  See the License for the
-- specific language governing permissions and limitations
-- under the License.
--
DROP TABLE IF EXISTS `05_alter_table_t0`;

affected_rows: 0

CREATE TABLE `05_alter_table_t0`(a int, t timestamp NOT NULL, dic string dictionary, TIMESTAMP KEY(t)) ENGINE = Analytic with (enable_ttl='false', update_mode='OVERWRITE');

affected_rows: 0

INSERT INTO TABLE `05_alter_table_t0`(a, t, dic) values(1, 1 , "d1");

affected_rows: 1

SELECT * FROM `05_alter_table_t0`;

tsid,t,a,dic,
UInt64(0),Timestamp(1),Int32(1),String("d1"),


-- doesn't support rename
ALTER TABLE `05_alter_table_t0` RENAME TO `t1`;

Failed to execute query, err: Server(ServerError { code: 500, msg: "Failed to create plan. Caused by: Failed to create plan, err:Unsupported SQL statement sql:ALTER TABLE `05_alter_table_t0` RENAME TO `t1`;" })

ALTER TABLE `05_alter_table_t0` add COLUMN (b string);

affected_rows: 0

DESCRIBE TABLE `05_alter_table_t0`;

name,type,is_primary,is_nullable,is_tag,is_dictionary,
String("tsid"),String("uint64"),Boolean(true),Boolean(false),Boolean(false),Boolean(false),
String("t"),String("timestamp"),Boolean(true),Boolean(false),Boolean(false),Boolean(false),
String("a"),String("int"),Boolean(false),Boolean(true),Boolean(false),Boolean(false),
String("dic"),String("string"),Boolean(false),Boolean(true),Boolean(false),Boolean(true),
String("b"),String("string"),Boolean(false),Boolean(true),Boolean(false),Boolean(false),


INSERT INTO TABLE `05_alter_table_t0`(a, b, t, dic) values (2, '2', 2, "d2");

affected_rows: 1

SELECT * FROM `05_alter_table_t0`;

tsid,t,a,dic,b,
UInt64(0),Timestamp(1),Int32(1),String("d1"),String(""),
UInt64(0),Timestamp(2),Int32(2),String("d2"),String("2"),


ALTER TABLE `05_alter_table_t0` add COLUMN (add_dic string dictionary);

affected_rows: 0

DESCRIBE TABLE `05_alter_table_t0`;

name,type,is_primary,is_nullable,is_tag,is_dictionary,
String("tsid"),String("uint64"),Boolean(true),Boolean(false),Boolean(false),Boolean(false),
String("t"),String("timestamp"),Boolean(true),Boolean(false),Boolean(false),Boolean(false),
String("a"),String("int"),Boolean(false),Boolean(true),Boolean(false),Boolean(false),
String("dic"),String("string"),Boolean(false),Boolean(true),Boolean(false),Boolean(true),
String("b"),String("string"),Boolean(false),Boolean(true),Boolean(false),Boolean(false),
String("add_dic"),String("string"),Boolean(false),Boolean(true),Boolean(false),Boolean(true),


INSERT INTO TABLE `05_alter_table_t0` (a, b, t, dic, add_dic)
    VALUES (2, '2', 2, "d11", "d22"),
    (3, '3', 3, "d22", "d33");

affected_rows: 2

SELECT * FROM `05_alter_table_t0`;

tsid,t,a,dic,b,add_dic,
UInt64(0),Timestamp(1),Int32(1),String("d1"),String(""),String(""),
UInt64(0),Timestamp(2),Int32(2),String("d11"),String("2"),String("d22"),
UInt64(0),Timestamp(3),Int32(3),String("d22"),String("3"),String("d33"),


-- doesn't support drop column
ALTER TABLE `05_alter_table_t0` DROP COLUMN b;

Failed to execute query, err: Server(ServerError { code: 500, msg: "Failed to create plan. Caused by: Failed to create plan, err:Unsupported SQL statement sql:ALTER TABLE `05_alter_table_t0` DROP COLUMN b;" })

DESCRIBE TABLE `05_alter_table_t0`;

name,type,is_primary,is_nullable,is_tag,is_dictionary,
String("tsid"),String("uint64"),Boolean(true),Boolean(false),Boolean(false),Boolean(false),
String("t"),String("timestamp"),Boolean(true),Boolean(false),Boolean(false),Boolean(false),
String("a"),String("int"),Boolean(false),Boolean(true),Boolean(false),Boolean(false),
String("dic"),String("string"),Boolean(false),Boolean(true),Boolean(false),Boolean(true),
String("b"),String("string"),Boolean(false),Boolean(true),Boolean(false),Boolean(false),
String("add_dic"),String("string"),Boolean(false),Boolean(true),Boolean(false),Boolean(true),


SELECT * FROM `05_alter_table_t0`;

tsid,t,a,dic,b,add_dic,
UInt64(0),Timestamp(1),Int32(1),String("d1"),String(""),String(""),
UInt64(0),Timestamp(2),Int32(2),String("d11"),String("2"),String("d22"),
UInt64(0),Timestamp(3),Int32(3),String("d22"),String("3"),String("d33"),


-- try to enable layered memtable with invalid 0 mutable switch threshold
ALTER TABLE `05_alter_table_t0` MODIFY SETTING layered_enable='true',layered_mutable_switch_threshold='0';

Failed to execute query, err: Server(ServerError { code: 500, msg: "Failed to execute plan. Caused by: Internal error, msg:Failed to execute interpreter, err:Failed to execute alter table, err:Failed to alter table options, err:Failed to alter options, table:05_alter_table_t0, err:Found invalid table options, reason:layered memtable is enabled but mutable_switch_threshold is 0, layered_memtable_opts:LayeredMemtableOptions { enable: true, mutable_segment_switch_threshold: ReadableSize(0) }. sql:ALTER TABLE `05_alter_table_t0` MODIFY SETTING layered_enable='true',layered_mutable_switch_threshold='0';" })

-- try to enable layered memtable for overwrite mode table
ALTER TABLE `05_alter_table_t0` MODIFY SETTING layered_enable='true',layered_mutable_switch_threshold='3MB';

Failed to execute query, err: Server(ServerError { code: 500, msg: "Failed to execute plan. Caused by: Internal error, msg:Failed to execute interpreter, err:Failed to execute alter table, err:Failed to alter table options, err:Failed to alter options, table:05_alter_table_t0, err:Found invalid table options, reason:layered memtable is enabled for table needing dedup, layered_memtable_opts:LayeredMemtableOptions { enable: true, mutable_segment_switch_threshold: ReadableSize(3145728) }, update_mode:Overwrite. sql:ALTER TABLE `05_alter_table_t0` MODIFY SETTING layered_enable='true',layered_mutable_switch_threshold='3MB';" })

DROP TABLE `05_alter_table_t0`;

affected_rows: 0

