--
-- Licensed to the Apache Software Foundation (ASF) under one
-- or more contributor license agreements.  See the NOTICE file
-- distributed with this work for additional information
-- regarding copyright ownership.  The ASF licenses this file
-- to you under the Apache License, Version 2.0 (the
-- "License"); you may not use this file except in compliance
-- with the License.  You may obtain a copy of the License at
--
--   http://www.apache.org/licenses/LICENSE-2.0
--
-- Unless required by applicable law or agreed to in writing,
-- software distributed under the License is distributed on an
-- "AS IS" BASIS, WITHOUT WARRANTIES OR CONDITIONS OF ANY
-- KIND, either express or implied.  See the License for the
-- specific language governing permissions and limitations
-- under the License.
--
DROP TABLE IF EXISTS `05_alter_table_t0`;

affected_rows: 0

CREATE TABLE `05_alter_table_t0`(a int, t timestamp NOT NULL, dic string dictionary, TIMESTAMP KEY(t)) ENGINE = Analytic with (enable_ttl='false');

affected_rows: 0

INSERT INTO TABLE `05_alter_table_t0`(a, t, dic) values(1, 1 , "d1");

affected_rows: 1

SELECT * FROM `05_alter_table_t0`;

tsid,t,a,dic,
UInt64(0),Timestamp(1),Int32(1),String("d1"),


-- doesn't support rename
ALTER TABLE `05_alter_table_t0` RENAME TO `t1`;

Failed to execute query, err: Server(ServerError { code: 500, msg: "Failed to create plan. Caused by: Failed to create plan, err:Unsupported SQL statement sql:ALTER TABLE `05_alter_table_t0` RENAME TO `t1`;" })

ALTER TABLE `05_alter_table_t0` add COLUMN (b string);

affected_rows: 0

DESCRIBE TABLE `05_alter_table_t0`;

name,type,is_primary,is_nullable,is_tag,is_dictionary,
String("tsid"),String("uint64"),Boolean(true),Boolean(false),Boolean(false),Boolean(false),
String("t"),String("timestamp"),Boolean(true),Boolean(false),Boolean(false),Boolean(false),
String("a"),String("int"),Boolean(false),Boolean(true),Boolean(false),Boolean(false),
String("dic"),String("string"),Boolean(false),Boolean(true),Boolean(false),Boolean(true),
String("b"),String("string"),Boolean(false),Boolean(true),Boolean(false),Boolean(false),


INSERT INTO TABLE `05_alter_table_t0`(a, b, t, dic) values (2, '2', 2, "d2");

affected_rows: 1

SELECT * FROM `05_alter_table_t0`;

tsid,t,a,dic,b,
UInt64(0),Timestamp(1),Int32(1),String("d1"),String(""),
UInt64(0),Timestamp(2),Int32(2),String("d2"),String("2"),


-- doesn't support drop column
ALTER TABLE `05_alter_table_t0` DROP COLUMN b;

Failed to execute query, err: Server(ServerError { code: 500, msg: "Failed to create plan. Caused by: Failed to create plan, err:Unsupported SQL statement sql:ALTER TABLE `05_alter_table_t0` DROP COLUMN b;" })

DESCRIBE TABLE `05_alter_table_t0`;

name,type,is_primary,is_nullable,is_tag,is_dictionary,
String("tsid"),String("uint64"),Boolean(true),Boolean(false),Boolean(false),Boolean(false),
String("t"),String("timestamp"),Boolean(true),Boolean(false),Boolean(false),Boolean(false),
String("a"),String("int"),Boolean(false),Boolean(true),Boolean(false),Boolean(false),
String("dic"),String("string"),Boolean(false),Boolean(true),Boolean(false),Boolean(true),
String("b"),String("string"),Boolean(false),Boolean(true),Boolean(false),Boolean(false),


SELECT * FROM `05_alter_table_t0`;

tsid,t,a,dic,b,
UInt64(0),Timestamp(1),Int32(1),String("d1"),String(""),
UInt64(0),Timestamp(2),Int32(2),String("d2"),String("2"),


DROP TABLE `05_alter_table_t0`;

affected_rows: 0

-- alter table options
CREATE TABLE `05_alter_table_t1`(a int, t timestamp NOT NULL, TIMESTAMP KEY(t)) ENGINE = Analytic;

affected_rows: 0

ALTER TABLE `05_alter_table_t1` MODIFY SETTING write_buffer_size='300M';

affected_rows: 0

show create table 05_alter_table_t1;

Table,Create Table,
String("05_alter_table_t1"),String("CREATE TABLE `05_alter_table_t1` (`tsid` uint64 NOT NULL, `t` timestamp NOT NULL, `a` int, PRIMARY KEY(tsid,t), TIMESTAMP KEY(t)) ENGINE=Analytic WITH(arena_block_size='2097152', compaction_strategy='default', compression='ZSTD', enable_ttl='true', layered_enable='false', layered_mutable_switch_threshold='3145728', memtable_type='skiplist', num_rows_per_row_group='8192', segment_duration='', storage_format='AUTO', ttl='7d', update_mode='OVERWRITE', write_buffer_size='314572800')"),


drop table 05_alter_table_t1;

affected_rows: 0

CREATE TABLE `05_alter_table_t1` (`sid` uint64 NOT NULL, `t` timestamp NOT NULL, `a` int, PRIMARY KEY(tsid,t), TIMESTAMP KEY(t)) ENGINE=Analytic WITH(arena_block_size='2097152', compaction_strategy='default', compression='ZSTD', enable_ttl='true', num_rows_per_row_group='8192', segment_duration='', storage_format='AUTO', ttl='7d', update_mode='OVERWRITE', write_buffer_size='314572800');

affected_rows: 0

ALTER TABLE `05_alter_table_t1` MODIFY SETTING ttl='10d';

affected_rows: 0

show create table 05_alter_table_t1;

Table,Create Table,
String("05_alter_table_t1"),String("CREATE TABLE `05_alter_table_t1` (`tsid` uint64 NOT NULL, `t` timestamp NOT NULL, `sid` uint64 NOT NULL, `a` int, PRIMARY KEY(tsid,t), TIMESTAMP KEY(t)) ENGINE=Analytic WITH(arena_block_size='2097152', compaction_strategy='default', compression='ZSTD', enable_ttl='true', layered_enable='false', layered_mutable_switch_threshold='3145728', memtable_type='skiplist', num_rows_per_row_group='8192', segment_duration='', storage_format='AUTO', ttl='10d', update_mode='OVERWRITE', write_buffer_size='314572800')"),


drop table 05_alter_table_t1;

affected_rows: 0

